Name,Price
VIZIO 32-inch D-Series Full HD 1080p Smart TV with Apple AirPlay and Chromecast Built-in,159.
VIZIO 32 inch D-Series HD 720p Smart TV with Apple AirPlay and Chromecast Built-in,128.
SAMSUNG 32-inch Class LED Smart FHD TV 1080P (UN32N5300AFXZA,227.
Roku 32 Select Series 720p HD Smart RokuTV with Voice Remote,158.
TCL 32-Inch Class S3 1080p LED Smart TV with Roku TV (32S350R,149.
Westinghouse 32 Inch TV,139.
SAMSUNG 32-Inch Class QLED 4K Q60C Series Quantum HDR,447.
Westinghouse Roku TV - 32 Inch Smart TV,139.
VIZIO 32-inch D-Series Full HD 1080p Smart TV with Apple AirPlay and Chromecast Built-in,148.
Sony 32 Inch 720p HD LED HDR TV W830K Series with Google TV and Google Assistant-2022 Model,298.
SAMSUNG 32 M70B Series 4K UHD USB-C Smart Monitor & Streaming TV,380.
32 Inch LED Smart TV with Google TV,137.
VIZIO D-Series Newest Model D32H-J09 32 Class HD Smart TV IQ Processor Netflix,149.
JVC 32-Inch 720p HD LED Roku Smart TV with Voice Control App,139.
Hisense 32-Inch Class A4 Series FHD 1080p Google Smart TV (32A4K) - DTS Virtual: X,158.
TCL 32 Class 3-Series Full HD 1080p LED Smart Roku TV - 32S359,159.
Perlegear Full Motion TV Wall Mount for 13-42 inch Flat or Curved TVs & Monitors up to 55 lbs,18.
PERLESMITH Full Motion TV Wall Mount for 26-60 Inch TVs,32.
PERLESMITH Tilting TV Wall Mount Bracket Low Profile for Most 23-60 inch LED LCD OLED,21.
PERLESMITH Full Motion TV Wall Mount for 26-60 Inch TVs,32.
ELIVED TV Wall Mount for Most 37-82 Inch OLED QLED TVs,59.
LG 32LM570BPUA 32 HDR Smart LED HD TV (2019 Model),247.
Hisense 32-Inch Class A4 Series FHD 1080p Google Smart TV (32A4K) - DTS Virtual: X,158.
VIZIO D-Series Newest Model D32H-J09 32 Class HD Smart TV IQ Processor Netflix,149.
TCL 32 Class 3-Series Full HD 1080p LED Smart Roku TV - 32S359,159.
32-inch Class 60Hz 720p HD LED TV Flat Screen 1*USB 3* HDMI 1*VGA ARC Dual Channel 8W Speakers Monitor Television 320GM5HD,127.
PHILIPS 32-Inch FHD 1080p Smart R0KU TV Compatible with Alexa,139.
SAMSUNG 32-Inch M50C Series FHD Smart Computer Monitor with Streaming TV,299.
CONTINU.US 32-inch Smart 12V RV TV | 720p Android Google 12 Volt RV Television with Google Assistant,339.
Skyworth 32 inch Smart TV,148.
LG 32-Inch Class HD 720p Smart LED TV HDR webOS 60Hz Refresh Rate Web Browser HDMI USB Compatible with Alexa 32LM577BZUA (Renewed),159.
TCL 32 Class 3-Series HD 720p LED Smart Roku TV - 32S355,162.
LG LM577B 32-in 720P HD LCD 60Hz Smart TV 32LM577BPUA (2021),249.
SAMSUNG 32-Inch Class QLED Q60A Series - 4K UHD Dual LED Quantum HDR Smart TV with Alexa Built-in (QN32Q60AAFXZA,449.
32-inch Smart TV Google TV HD 720p with Google Play and Chromecast Built-in,129.
Vizio D-Series 32-inch,109.
LG 32LQ630BPUA 32 Inch HDR Smart LCD HD TV 2022 Bundle with 1 YR CPS Enhanced Protection Pack,289.
Clikuutory Modern Black 71 inch Metal TV Stand with LED Lights and Power Outlets for 50 60 65 70 75 80 Inch TVs,139.
Impecca 32” Frameless TV HD Ready 720p Picture Quality Built-in Stereo Speakers 2X HDMI,149.
16.9 Portable DVD Player with 14.1 Large HD Screen,89.
ELIVED Ultra Slim TV Wall Mount for Most 26-65 Inch TVs,72.
LG 32LQ630BPUA 32 Inch HDR Smart LCD HD TV 2022 Bundle with 1 YR CPS Enhanced Protection Pack,289.
LG LM577B 32-in 720P HD LCD 60Hz Smart TV 32LM577BPUA (2021),249.
CONTINU.US 32-inch Smart 12V RV TV | 720p Android Google 12 Volt RV Television with Google Assistant,339.
SAMSUNG 32-Inch Class QLED The Frame LS03C Series,547.
RCA 32-inch Flat Screen 720p Roku Smart LED TV - RTR3261,169.
TCL 32-Inch Class 3 Series 1080p FHD LED Smart Roku TV + Wall Mount Dual-Band Wi-Fi Compatible with AlR Play Alexa and Google Assistant (Renewed),134.
CONTINU.US 32-inch TV | CT-3280,194.
Skyworth 32 inch Smart TV,148.
TCL 32-Inch Class HD 720p Smart LED TV Dolby Digital Advanced Digital Tuner Premium Design Compatible with Alexa & Google Assistant 32S331 (Renewed),129.
FREE SIGNAL TV Transit Platinum 12 Volt Smart TV,499.
ONN 32-Inches Series 1 Class HD 720p Smart LED TV Compatible with Alexa & Google Assistant (Renewed),119.
Hisense 32-Inch Class H4 Series LED Roku Smart TV with Google Assistant and Alexa Compatibility (32H4G,190.
VIZIO 32 Inch D Series Class HD 720p Smart LED TV IQ Processor,119.
SYLVOX 32 Inch TV 12 Volt Smart TV FHD 1080P Digital Video Disc Player Built-in ARC CEC WiFi Wireless Connection Support,449.
Audiobox 13 TV Widescreen HDTV,143.
Clikuutory Modern Black 71 inch Metal TV Stand with LED Lights and Power Outlets for 50 60 65 70 75 80 Inch TVs,139.
16.9 Portable DVD Player with 14.1 Large HD Screen,89.
Tyler 14” Portable TV LCD Monitor 1080P Rechargeable Lithium Battery Operated,104.
TCL 32-inch 3-Series 720p Roku Smart TV - 32S335,205.
TCL 32-Inch Class 3 Series 1080p FHD LED Smart Roku TV + Wall Mount Dual-Band Wi-Fi Compatible with AlR Play Alexa and Google Assistant (Renewed),134.
Sony BRAVIA FW-32BZ30J 32 4K Ultra HD HDR VA LED Professional Display,557.
Samsung QN32Q60CA 32 Inch QLED 4K Smart TV Bundle with 2 YR CPS Enhanced Protection Pack (2023 Model),469.
Impecca 32” Frameless TV HD Ready 720p Picture Quality Built-in Stereo Speakers 2X HDMI,149.
FREE SIGNAL TV Transit Platinum 12 Volt Smart TV,499.
VIZIO 32 Inch D Series Class HD 720p Smart LED TV IQ Processor,119.
Sansui 32-Inch 720p HD LED Android Smart TV (S32V1HA) with Built-in HDMI,129.
Amazon Fire TV 32 2-Series 720p HD smart TV + 4-year protection plan,145.
SAMSUNG M8 Series 32-Inch 4K UHD Smart Monitor & Streaming TV with Slim-fit Webcam for PC-Less Experience,649.
LG 32LM577BPUA 32 Inch LED HD Smart webOS TV Bundle with 1 YR CPS Enhanced Protection Pack,327.
Supersonic SC-2412 24-inch HDTV & Monitor with Built-in DVD Player,163.
Audiobox 13 TV Widescreen HDTV,143.
PERLESMITH Full Motion TV Wall Mount for 26-60 Inch TVs,32.
AENTGIU Mobile TV Stand for 32 to 75 All Brand TVs,129.
WALI Universal TV Stand,29.
SYLVOX RV TV,499.
VIZIO 32-inch D-Series Full HD 1080p Smart TV with Apple AirPlay and Chromecast Built-in,184.
Samsung QN32LS03CB 32 inch The Frame QLED HDR 4K Smart TV Bundle with 2 YR CPS Enhanced Protection Pack (2023 Model),547.
SAMSUNG M5 Series 27-Inch FHD 1080p Smart Monitor & Streaming TV (Tuner-Free),329.
TCL 32-Inch Class 3 Series HD LED Smart Roku TV + Wall Mount Dual-Band Wi-Fi Compatible with Alexa and Google Assistant 32S331 (Renewed),139.
LG 32-Inch Class HD 720p Smart LED TV HDR webOS 60Hz Refresh Rate Web Browser HDMI USB Compatible with Alexa 32LM577BZUA (Renewed),159.
22 Inch TV,169.
Proscan PLDED4016A 40-Inch 1080p Full HD LED TV,259.
Amazon Fire TV 55 Omni Series 4K UHD smart TV bundle with Universal Tilting Wall Mount and Red Remote Cover,454.
LG 32LM577BPUA 32 Inch LED HD Smart webOS TV Bundle with 1 YR CPS Enhanced Protection Pack,327.
LG 32LM577BPUA 32 Inch LED HD Smart webOS TV Bundle with Premium 2 YR CPS Enhanced Protection Pack,347.
Pyle 32-inch HD LED TV - 728p Monitor with DVD/CD Multimedia Disk Combo,169.
Haocrown 32 Inch Smart Bathroom TV IP66 Waterproof Touch Screen Magic Mirror TV Full HD 1080P Television Built-in Android 11 System with ATSC Tuner 500 cd/㎡ High-Brightness Updated (2023 Model),999.
Haocrown 32 Inch Smart Bathroom TV 4K Ultra HD Android TV IP66 Waterproof Smart Mirror TV Google Assistant Built-in with Voice Remote,999.
ONN 32-Inch Class HD (720P) LED Smart TV Compatible with Alexa and Google Home 100012589 (Renewed),119.
Westinghouse 24 Inch TV,115.
SYLVOX RV TV,499.
16.9 Portable DVD Player with 14.1 Large HD Screen,89.
SYLVOX RV TV,499.
VIZIO 32-inch D-Series Full HD 1080p Smart TV with Apple AirPlay and Chromecast Built-in,184.
Samsung QN32LS03CB 32 inch The Frame QLED HDR 4K Smart TV Bundle with 2 YR CPS Enhanced Protection Pack (2023 Model),547.
SAMSUNG M5 Series 27-Inch FHD 1080p Smart Monitor & Streaming TV (Tuner-Free),329.
FREE SIGNAL TV Transit Platinum 12 Volt Smart TV,499.
Impecca 24-Inch LED HD TV,129.
22 Inch TV,169.
Proscan PLDED4016A 40-Inch 1080p Full HD LED TV,259.
Amazon Fire TV 55 Omni Series 4K UHD smart TV bundle with Universal Tilting Wall Mount and Red Remote Cover,454.
LG 32LM577BPUA 32 Inch LED HD Smart webOS TV Bundle with 1 YR CPS Enhanced Protection Pack,327.
LG 32LM577BPUA 32 Inch LED HD Smart webOS TV Bundle with Premium 2 YR CPS Enhanced Protection Pack,347.
Pyle 32-inch HD LED TV - 728p Monitor with DVD/CD Multimedia Disk Combo,169.
Haocrown 32 Inch Smart Bathroom TV IP66 Waterproof Touch Screen Magic Mirror TV Full HD 1080P Television Built-in Android 11 System with ATSC Tuner 500 cd/㎡ High-Brightness Updated (2023 Model),999.
Haocrown 32 Inch Smart Bathroom TV 4K Ultra HD Android TV IP66 Waterproof Smart Mirror TV Google Assistant Built-in with Voice Remote,999.
Audiobox 13 TV Widescreen HDTV,143.
PERLESMITH Full Motion TV Wall Mount for 26-60 Inch TVs,32.
ELIVED TV Wall Mount for Most 37-82 Inch OLED QLED TVs,59.
Supersonic Smart SC-3250GTV 32-inch FHD DLED TV with Google Assistant,199.
elecsung 32 inch Smart Mirror Bathroom TV Full Screen Touch Panel 1080P IP66 Waterproof Android 11.0 System with Wi-Fi and Bluetooth,"1,099."
Jensen JE3217 HD Ready 32 LED TV,229.
Deco TV Frames Alloy Prismatic - German Silver Bezel Compatible ONLY with Samsung The Frame TV (32,199.
Samsung QN32LS03CB 32 inch The Frame QLED HDR 4K Smart TV Bundle with 2 YR CPS Enhanced Protection Pack (2023 Model),547.
VIZIO D-Series 24” Class LED HDTV Smart TV - D24f-G9 (Renewed),104.
Soulaca 32 inches Magic Mirror 4K LED Smart TV for Bathroom Waterproof WiFi ATSC Tuner Voice Control Built-in Alexa webOS 2023 New Model,999.
Hisense A4FH Series 32-Inch Class FHD 1080p Smart Android TV,194.
Deco TV Frames Alloy Prismatic - Graphite Bezel Compatible ONLY with Samsung The Frame TV (32,199.
TCL 32-Inch Class 3 Series HD LED Smart Roku TV + Wall Mount Dual-Band Wi-Fi Compatible with Alexa and Google Assistant 32S331 (Renewed),139.
SYLVOX 32'' Smart TV Bathroom Magic Mirror Waterproof LED TV 1080P 500NITS High Brightness Dual Front Speakers Wall mounting Suitable for Bathrooms,744.
4K Ultra HD 32-inch High-end Bathroom Mirror TV IP66 Waterproof Android TV Supports Voice Remote Control Google Assistant,899.
22-Inch Neon LED TV by Continu.us | ROKU Express HD Stick + 4K Antenna Included | Color-Changing,169.
SYLVOX 32'' Smart Waterproof TV,827.
Clikuutory Modern Black 71 inch Metal TV Stand with LED Lights and Power Outlets for 50 60 65 70 75 80 Inch TVs,139.
Impecca 32” Frameless TV HD Ready 720p Picture Quality Built-in Stereo Speakers 2X HDMI,149.
Pyle 24 Inch 1080p LED RV Television - Slim Flat Screen Monitor FHD Small TV w/HDMI,199.
4K Ultra HD 32-inch High-end Bathroom Mirror TV IP66 Waterproof Android TV Supports Voice Remote Control Google Assistant,899.
4K Ultra HD 32-inch High-end Bathroom Mirror TV IP66 Waterproof Android TV Supports Voice Remote Control Google Assistant,899.
Soulaca 32 inches Magic Mirror 4K LED Smart TV for Bathroom Waterproof WiFi ATSC Tuner Voice Control Built-in Alexa webOS 2023 New Model,999.
Jensen JE3217 HD Ready 32 LED TV,229.
Deco TV Frames Alloy Prismatic - Graphite Bezel Compatible ONLY with Samsung The Frame TV (32,199.
VIZIO D-Series 24” Class LED HDTV Smart TV - D24f-G9 (Renewed),104.
TCL 32-Inch Class 3 Series HD LED Smart Roku TV + Wall Mount Dual-Band Wi-Fi Compatible with Alexa and Google Assistant 32S331 (Renewed),139.
22-Inch Neon LED TV by Continu.us | ROKU Express HD Stick + 4K Antenna Included | Color-Changing,169.
ONN 32-inch Roku Smart TV LED + Free Wall Mount with Wi-Fi Connectivity and Mobile App | Flat Screen TV Compatible with Apple Home Kit | Alexa and Google Assistant (Renewed),134.
32-inch High-end Smart Bathroom Mirror TV - 4K Ultra HD,899.
Soulaca 32 inches Smart Mirror LED TV Touch Panel 4K Android for Bathroom IP65 Waterproof SPA Bluetooth&WiFi,"1,195."
TV Stand for TCL Roku Smart TV,9.
SAMSUNG 32-in M8 Smart Blue UHD Monitor w Smart TV Apps (2023) LS32CM80BUNXZA (Renewed),429.
SYLVOX 32'' Smart TV Bathroom Magic Mirror Waterproof LED TV 1080P 500NITS High Brightness Dual Front Speakers Wall mounting Suitable for Bathrooms,744.
Tyler 7 Portable 720p TV LCD Monitor Rechargeable Battery Powered Wireless Capability HD-TV,74.
21.5 inch Smart Mirror Bathroom TV Waterproof,568.
WALI Universal TV Stand,29.
WALI Universal TV Stand,25.
SYLVOX 32'' Smart TV Bathroom Magic Mirror Waterproof LED TV 1080P 500NITS High Brightness Dual Front Speakers Wall mounting Suitable for Bathrooms,744.
SAMSUNG 32-inch Class The Frame Customizable Bezel - Natural Pink (SCFT32NP/ZA,99.
ASA Jensen JE2417 24' LED TV,229.
Impecca 24-in. 720p LED TV/DVD Combo,159.
Deco TV Frames - Gatsby Silver Smart Frame Compatible ONLY with Samsung The Frame TV (Fits 2021-2024 Frame TV,299.
Soulaca 32'' inches 4K Smart Mirror TV Waterproof with Built-in WiFi Alexa Voice Control Bathroom Use LED Television ATSC Tuner Bluetooth 2024 Model,999.
Majestic TV,619.
TV Stand Legs for TCL TV Legs Replacement Compatible with TCL Roku Smart TV 32in 40in 43in 49in 50in 55in,9.
Audiobox 13 TV Widescreen HDTV,143.
16.9 Portable DVD Player with 14.1 Large HD Screen,89.
Sink Faucet Mat Splash Guard,19.
Supersonic SC-2814 14-Inch LED TV,114.
SYLVOX 32'' Smart Waterproof TV,827.
TV + TSR1,199.
elecsung 32inch 4K UHD Smart TV for Bathroom,"1,199."
Soulaca 32'' inches 4K Smart Mirror TV Waterproof with Built-in WiFi Alexa Voice Control Bathroom Use LED Television ATSC Tuner Bluetooth 2024 Model,999.
4K Ultra HD 32-inch High-end Bathroom Mirror TV IP66 Waterproof Android TV Supports Voice Remote Control Google Assistant,899.
32-inch High-end Smart Bathroom Mirror TV - 4K Ultra HD,899.
BN07-00968A LCD Display Panel,386.
TV + S4210,281.
elecsung Smart Mirror Bathroom TV 1080P Waterproof Android System with Integrated HDTV(ATSC) Tuner and Wi-Fi,849.
【4K Ultra HD 500 cd/㎡ High-Brightness Updated 2024 Model】Haocrown 32 Inch Smart Bathroom TV IP66 Waterproof Smart Mirror TV Android 11 System Google Assistant Built-in Support ATSC Tuner(Silver Frame),999.
東谷(Azumaya-kk) G Display TV 32 L1,760.
elecsung 22inch Smart Black Bathroom TV 1080P Waterproof Android 11.0 System with Integrated HDTV(ATSC) Tuner and Built-in Wi-Fi&Bluetooth,459.
elecsung Full Screen Smart LED Mirror TV for Bathroom/Hotel/Kitchen with Android 11.0 System (32 inch,849.
Mount Plus MP-P42-64AT Tilt Vertical Portrait TV Wall Mount | Vertical-Orientation Menu Wall Board Mount | Anti-Theft Locking | Fits Most 37 to 75 TVs (VESA 400x600) (37 to 75 TILT),54.
SYLVOX 32 inch Bathroom TV,827.
32-inch Smart TV Google TV HD 720p with Google Play and Chromecast Built-in,129.
PERLESMITH Full Motion TV Wall Mount for 26-60 Inch TVs,32.
elecsung 32inch 4K UHD Smart TV for Bathroom,"1,199."
【4K Ultra HD 500 cd/㎡ High-Brightness Updated 2024 Model】Haocrown 32 Inch Smart Bathroom TV IP66 Waterproof Smart Mirror TV Android 11 System Google Assistant Built-in Support ATSC Tuner(Silver Frame),999.
BN07-00968A LCD Display Panel,386.
elecsung Full Screen Smart LED Mirror TV for Bathroom/Hotel/Kitchen with Android 11.0 System (32 inch,849.
elecsung Smart Mirror Bathroom TV 1080P Waterproof Android System with Integrated HDTV(ATSC) Tuner and Wi-Fi & Bluetooth M27,689.
elecsung 22inch Smart Black Bathroom TV 1080P Waterproof Android 11.0 System with Integrated HDTV(ATSC) Tuner and Built-in Wi-Fi&Bluetooth,459.
東谷(Azumaya-kk) G Display TV 32 L1,760.
TV + S4310,315.
Hasipu Vanity Mirror with Lights and Bluetooth Speaker,149.
Impecca 24-Inch LED HD TV,129.
